match_id,home_team,away_team,home_score,away_score,competition
3825739,Real Madrid,Sporting Gijón,5,1,La Liga
3825848,Levante UD,Eibar,2,2,La Liga
3825895,Las Palmas,Sevilla,2,0,La Liga
3825894,RC Deportivo La Coruña,Getafe,0,2,La Liga
3825855,Málaga,Levante UD,3,1,La Liga
3825908,Espanyol,Eibar,4,2,La Liga
3825883,Málaga,Las Palmas,4,1,La Liga
3825900,Sporting Gijón,Villarreal,2,0,La Liga
3825902,Rayo Vallecano,Levante UD,3,1,La Liga
3825876,Real Betis,Getafe,2,1,La Liga
3825846,RC Deportivo La Coruña,Real Madrid,0,2,La Liga
3825869,Athletic Club,Sevilla,3,1,La Liga
3825882,Atlético Madrid,Celta Vigo,2,0,La Liga
3825849,Valencia,Real Sociedad,0,1,La Liga
3825860,Levante UD,Atlético Madrid,2,1,La Liga
3825847,Eibar,RC Deportivo La Coruña,1,1,La Liga
3825817,Getafe,Eibar,1,1,La Liga
3825778,Real Betis,Sporting Gijón,1,1,La Liga
3825777,Levante UD,Getafe,3,0,La Liga
3825740,Eibar,Granada,5,1,La Liga
3825875,Villarreal,Real Sociedad,0,0,La Liga
3825884,Sevilla,Real Betis,2,0,La Liga
3825842,Levante UD,Athletic Club,2,2,La Liga
3825890,Atlético Madrid,Málaga,1,0,La Liga
3825871,Las Palmas,Espanyol,4,0,La Liga
3825896,Granada,Levante UD,5,1,La Liga
3825841,Real Sociedad,Getafe,1,2,La Liga
3825843,Málaga,Rayo Vallecano,1,1,La Liga
3825839,Sporting Gijón,Sevilla,2,1,La Liga
3825838,Athletic Club,Atlético Madrid,0,1,La Liga
3825840,Valencia,Eibar,4,0,La Liga
3825837,Real Betis,Las Palmas,1,0,La Liga
3825836,Rayo Vallecano,Villarreal,2,1,La Liga
3825835,Málaga,Athletic Club,0,1,La Liga
3825834,Atlético Madrid,Granada,3,0,La Liga
3825906,Sevilla,RC Deportivo La Coruña,1,1,La Liga
3825897,Eibar,Real Sociedad,2,1,La Liga
3825889,Celta Vigo,Real Betis,1,1,La Liga
3825833,Getafe,Real Madrid,1,5,La Liga
3825857,Levante UD,Espanyol,2,1,La Liga
3825863,RC Deportivo La Coruña,Las Palmas,1,3,La Liga
3825829,Athletic Club,Rayo Vallecano,1,0,La Liga
3825830,Villarreal,Getafe,2,0,La Liga
3825832,Sporting Gijón,Celta Vigo,0,1,La Liga
3825831,Valencia,Sevilla,2,1,La Liga
3825828,Espanyol,Atlético Madrid,1,3,La Liga
3825827,Real Betis,Levante UD,1,0,La Liga
3825826,Granada,Málaga,0,0,La Liga
3825825,Levante UD,Sporting Gijón,0,0,La Liga
3825824,Eibar,Villarreal,1,2,La Liga
3825823,Sevilla,Real Sociedad,1,2,La Liga
3825905,Málaga,Espanyol,1,1,La Liga
3825822,Las Palmas,Valencia,2,1,La Liga
3825821,Espanyol,Athletic Club,2,1,La Liga
3825820,Real Madrid,Sevilla,4,0,La Liga
3825819,Valencia,Celta Vigo,0,2,La Liga
3825818,Real Sociedad,Las Palmas,0,1,La Liga
3825887,Granada,Rayo Vallecano,2,2,La Liga
3825907,Sporting Gijón,Atlético Madrid,2,1,La Liga
3825903,Real Betis,Málaga,0,1,La Liga
3825816,Sevilla,Villarreal,4,2,La Liga
3825815,Levante UD,Valencia,1,0,La Liga
3825858,Rayo Vallecano,Eibar,1,1,La Liga
3825813,Atlético Madrid,RC Deportivo La Coruña,3,0,La Liga
3825814,Celta Vigo,Real Sociedad,1,0,La Liga
3825812,Málaga,Sporting Gijón,1,0,La Liga
3825811,Espanyol,Rayo Vallecano,2,1,La Liga
3825807,Valencia,Atlético Madrid,1,3,La Liga
3825809,Real Betis,Granada,2,0,La Liga
3825810,Real Sociedad,Levante UD,1,1,La Liga
3825808,Sporting Gijón,Athletic Club,0,2,La Liga
3825804,RC Deportivo La Coruña,Málaga,3,3,La Liga
3825867,Getafe,Sevilla,1,1,La Liga
3825805,Villarreal,Las Palmas,0,1,La Liga
3825784,Atlético Madrid,Villarreal,0,0,La Liga
3825782,Granada,Valencia,1,2,La Liga
3825757,Real Madrid,Espanyol,6,0,La Liga
3825641,Athletic Club,Sporting Gijón,3,0,La Liga
3825803,Granada,Sporting Gijón,2,0,La Liga
3825800,Celta Vigo,Villarreal,0,0,La Liga
3825801,Sevilla,Eibar,1,0,La Liga
3825799,Málaga,Valencia,1,2,La Liga
3825797,Athletic Club,RC Deportivo La Coruña,4,1,La Liga
3825798,Levante UD,Real Madrid,1,3,La Liga
3825796,Las Palmas,Getafe,4,0,La Liga
3825795,Atlético Madrid,Real Sociedad,3,0,La Liga
3825793,Valencia,Athletic Club,0,3,La Liga
3825792,RC Deportivo La Coruña,Granada,0,1,La Liga
3825794,Villarreal,Levante UD,3,0,La Liga
3825788,Getafe,Celta Vigo,0,1,La Liga
3825791,Real Betis,Rayo Vallecano,2,2,La Liga
3825790,Sporting Gijón,Espanyol,2,4,La Liga
3825787,Real Madrid,Atlético Madrid,0,1,La Liga
3825789,Real Sociedad,Málaga,1,1,La Liga
3825786,Eibar,Las Palmas,0,1,La Liga
3825781,Rayo Vallecano,Sevilla,2,2,La Liga
3825785,Málaga,Real Madrid,1,1,La Liga
3825783,Athletic Club,Real Sociedad,0,1,La Liga
3825780,Espanyol,RC Deportivo La Coruña,1,0,La Liga
3825779,Celta Vigo,Eibar,3,2,La Liga
3825773,Eibar,Levante UD,2,0,La Liga
3825776,Sevilla,Las Palmas,2,0,La Liga
3825775,Real Sociedad,Granada,3,0,La Liga
3825769,Villarreal,Málaga,1,0,La Liga
3825770,Real Madrid,Athletic Club,4,2,La Liga
3825768,Sporting Gijón,Rayo Vallecano,2,2,La Liga
3825736,Valencia,Rayo Vallecano,2,2,La Liga
3825731,Las Palmas,Málaga,1,1,La Liga
3825685,Sporting Gijón,Las Palmas,3,1,La Liga
3825678,Eibar,Real Madrid,0,2,La Liga
3825643,Real Madrid,Las Palmas,3,1,La Liga
3825642,RC Deportivo La Coruña,Atlético Madrid,1,1,La Liga
3825638,Atlético Madrid,Valencia,2,1,La Liga
3825614,Granada,RC Deportivo La Coruña,1,1,La Liga
3825612,Getafe,Levante UD,3,0,La Liga
3825607,Villarreal,Atlético Madrid,1,0,La Liga
3825595,Villarreal,Athletic Club,3,1,La Liga
3825579,Sevilla,Atlético Madrid,0,3,La Liga
3825572,Real Madrid,Real Betis,5,0,La Liga
3825774,Getafe,Atlético Madrid,0,1,La Liga
3825772,Valencia,Espanyol,2,1,La Liga
3825771,RC Deportivo La Coruña,Real Betis,2,2,La Liga
3825767,Espanyol,Real Sociedad,0,5,La Liga
3825706,Celta Vigo,Athletic Club,0,1,La Liga
3825712,Getafe,RC Deportivo La Coruña,0,0,La Liga
3825708,Levante UD,Málaga,0,1,La Liga
3825707,Las Palmas,Granada,4,1,La Liga
3825705,Eibar,Sporting Gijón,2,0,La Liga
3825711,Rayo Vallecano,Atlético Madrid,0,2,La Liga
3825703,Athletic Club,Levante UD,2,0,La Liga
3825700,Real Madrid,Rayo Vallecano,10,2,La Liga
3825701,Málaga,Atlético Madrid,1,0,La Liga
3825702,Real Sociedad,Villarreal,0,2,La Liga
3825704,Granada,Celta Vigo,0,2,La Liga
3825891,Espanyol,Las Palmas,1,0,La Liga
3825699,Real Betis,Sevilla,0,0,La Liga
3825697,Valencia,Getafe,2,2,La Liga
3825698,RC Deportivo La Coruña,Eibar,2,0,La Liga
3825694,Eibar,Valencia,1,1,La Liga
3825693,Atlético Madrid,Athletic Club,2,1,La Liga
3825696,Rayo Vallecano,Málaga,1,2,La Liga
3825695,Villarreal,Real Madrid,1,0,La Liga
3825689,Celta Vigo,Espanyol,1,0,La Liga
3825690,Las Palmas,Real Betis,1,0,La Liga
3825692,Sevilla,Sporting Gijón,2,0,La Liga
3825691,Levante UD,Granada,1,2,La Liga
3825688,Getafe,Real Sociedad,1,1,La Liga
3825687,Espanyol,Levante UD,1,1,La Liga
3825683,Real Sociedad,Eibar,2,1,La Liga
3825686,Athletic Club,Málaga,0,0,La Liga
3825684,Villarreal,Rayo Vallecano,2,1,La Liga
3825681,Real Madrid,Getafe,4,1,La Liga
3825682,Granada,Atlético Madrid,0,2,La Liga
3825680,RC Deportivo La Coruña,Sevilla,1,1,La Liga
3825677,Sevilla,Valencia,1,0,La Liga
3825675,Rayo Vallecano,Athletic Club,0,3,La Liga
3825676,Getafe,Villarreal,2,0,La Liga
3825674,Atlético Madrid,Espanyol,1,0,La Liga
3825673,Las Palmas,RC Deportivo La Coruña,0,2,La Liga
3825671,Celta Vigo,Sporting Gijón,2,1,La Liga
3825672,Málaga,Granada,2,2,La Liga
3825670,Levante UD,Real Betis,0,1,La Liga
3825669,Getafe,Rayo Vallecano,1,1,La Liga
3825668,Sporting Gijón,Levante UD,0,3,La Liga
3825666,Real Betis,Atlético Madrid,0,1,La Liga
3825665,Granada,Athletic Club,2,0,La Liga
3825667,Villarreal,Eibar,1,1,La Liga
3825664,Real Sociedad,Sevilla,2,0,La Liga
3825662,RC Deportivo La Coruña,Celta Vigo,2,0,La Liga
3825888,Valencia,Las Palmas,1,1,La Liga
3825663,Espanyol,Málaga,2,0,La Liga
3825659,Athletic Club,Espanyol,2,1,La Liga
3825658,Atlético Madrid,Sporting Gijón,1,0,La Liga
3825660,Barcelona,Villarreal,3,0,La Liga
3825661,Sevilla,Real Madrid,3,2,La Liga
3825656,Levante UD,RC Deportivo La Coruña,1,1,La Liga
3825657,Málaga,Real Betis,0,1,La Liga
3825652,Las Palmas,Real Sociedad,2,0,La Liga
3825623,Valencia,Málaga,3,0,La Liga
3825626,Real Betis,Espanyol,1,3,La Liga
3825616,Málaga,Real Sociedad,3,1,La Liga
3825608,Eibar,Celta Vigo,1,1,La Liga
3825601,Rayo Vallecano,Sporting Gijón,2,1,La Liga
3825899,Getafe,Valencia,2,2,La Liga
3825852,Las Palmas,Sporting Gijón,1,1,La Liga
3825647,Valencia,Levante UD,3,0,La Liga
3825637,Barcelona,Eibar,3,1,La Liga
3825628,Getafe,Las Palmas,4,0,La Liga
3825619,Levante UD,Villarreal,1,0,La Liga
3825618,Las Palmas,Eibar,0,2,La Liga
3825611,RC Deportivo La Coruña,Espanyol,3,0,La Liga
3825609,Real Sociedad,Athletic Club,0,0,La Liga
3825598,Atlético Madrid,Getafe,2,0,La Liga
3825584,Granada,Villarreal,1,3,La Liga
3825570,Granada,Eibar,1,3,La Liga
3825562,Málaga,Sevilla,0,0,La Liga
3825904,Eibar,Real Betis,1,1,La Liga
3825901,Real Madrid,Valencia,3,2,La Liga
3825898,Celta Vigo,RC Deportivo La Coruña,1,1,La Liga
3825893,Real Madrid,Villarreal,3,0,La Liga
3825892,Granada,Real Sociedad,0,3,La Liga
3825886,Rayo Vallecano,Real Madrid,2,3,La Liga
3825885,Rayo Vallecano,Getafe,2,0,La Liga
3825881,Granada,Espanyol,1,1,La Liga
3825880,RC Deportivo La Coruña,Levante UD,2,1,La Liga
3825879,Las Palmas,Real Madrid,1,2,La Liga
3825878,Atlético Madrid,Rayo Vallecano,1,0,La Liga
3825877,Athletic Club,Granada,1,1,La Liga
3825874,Sevilla,Getafe,5,0,La Liga
3825873,Valencia,Villarreal,0,2,La Liga
3825872,Atlético Madrid,Real Betis,5,1,La Liga
3825870,Athletic Club,Celta Vigo,2,1,La Liga
3825868,Celta Vigo,Granada,2,1,La Liga
3825866,Las Palmas,Athletic Club,0,0,La Liga
3825865,Getafe,Sporting Gijón,1,1,La Liga
3825864,Real Sociedad,Real Madrid,0,1,La Liga
3825862,Espanyol,Celta Vigo,1,1,La Liga
3825861,Real Sociedad,Rayo Vallecano,2,1,La Liga
3825859,Granada,Las Palmas,3,2,La Liga
3825856,Real Madrid,Eibar,4,0,La Liga
3825854,Sporting Gijón,Eibar,2,0,La Liga
3825853,Sevilla,Granada,1,4,La Liga
3825851,Villarreal,RC Deportivo La Coruña,0,2,La Liga
3825850,Celta Vigo,Málaga,1,0,La Liga
3825845,Espanyol,Sevilla,1,0,La Liga
3825844,Athletic Club,Real Betis,3,1,La Liga
3825806,Real Madrid,Celta Vigo,7,1,La Liga
3825802,Espanyol,Real Betis,0,3,La Liga
3825679,Real Betis,Celta Vigo,1,1,La Liga
3825655,Rayo Vallecano,Granada,2,1,La Liga
3825654,Celta Vigo,Valencia,1,5,La Liga
3825653,Eibar,Getafe,3,1,La Liga
3825651,Espanyol,Granada,1,1,La Liga
3825650,Real Betis,Athletic Club,1,3,La Liga
3825649,Sporting Gijón,Málaga,1,0,La Liga
3825648,Eibar,Rayo Vallecano,1,0,La Liga
3825765,Celta Vigo,Sevilla,1,1,La Liga
3825766,Real Betis,Valencia,1,0,La Liga
3825764,Granada,Real Madrid,1,2,La Liga
3825760,Atlético Madrid,Eibar,3,1,La Liga
3825763,Rayo Vallecano,Las Palmas,2,0,La Liga
3825761,Athletic Club,Villarreal,0,0,La Liga
3825762,Sporting Gijón,RC Deportivo La Coruña,1,1,La Liga
3825759,Málaga,Getafe,3,0,La Liga
3825758,RC Deportivo La Coruña,Rayo Vallecano,2,2,La Liga
3825756,Sevilla,Levante UD,3,1,La Liga
3825755,Valencia,Sporting Gijón,0,1,La Liga
3825754,Las Palmas,Celta Vigo,2,1,La Liga
3825750,Real Sociedad,Real Betis,2,1,La Liga
3825752,Eibar,Málaga,1,2,La Liga
3825751,Getafe,Athletic Club,0,1,La Liga
3825753,Villarreal,Granada,1,0,La Liga
3825749,Levante UD,Las Palmas,3,2,La Liga
3825747,Athletic Club,Eibar,5,2,La Liga
3825748,Atlético Madrid,Sevilla,0,0,La Liga
3825745,RC Deportivo La Coruña,Valencia,1,1,La Liga
3825746,Real Betis,Real Madrid,1,1,La Liga
3825743,Rayo Vallecano,Celta Vigo,3,0,La Liga
3825744,Espanyol,Villarreal,2,2,La Liga
3825742,Granada,Getafe,3,2,La Liga
3825741,Sporting Gijón,Real Sociedad,5,1,La Liga
3825738,Las Palmas,Atlético Madrid,0,3,La Liga
3825737,Getafe,Espanyol,3,1,La Liga
3825734,Real Sociedad,RC Deportivo La Coruña,1,1,La Liga
3825733,Sevilla,Málaga,2,1,La Liga
3825732,Celta Vigo,Levante UD,4,3,La Liga
3825735,Villarreal,Real Betis,0,0,La Liga
3825729,Villarreal,Sporting Gijón,2,0,La Liga
3825728,Celta Vigo,Atlético Madrid,0,2,La Liga
3825730,Real Sociedad,Valencia,2,0,La Liga
3825727,Eibar,Espanyol,2,1,La Liga
3825723,Levante UD,Rayo Vallecano,2,1,La Liga
3825726,Sevilla,Athletic Club,2,0,La Liga
3825725,Getafe,Real Betis,1,0,La Liga
3825724,Real Madrid,RC Deportivo La Coruña,5,0,La Liga
3825722,Sporting Gijón,Getafe,1,2,La Liga
3825716,Rayo Vallecano,Real Sociedad,2,2,La Liga
3825719,Athletic Club,Las Palmas,2,2,La Liga
3825720,Real Betis,Eibar,0,4,La Liga
3825717,Granada,Sevilla,2,1,La Liga
3825721,RC Deportivo La Coruña,Villarreal,1,2,La Liga
3825718,Valencia,Real Madrid,2,2,La Liga
3825715,Málaga,Celta Vigo,2,0,La Liga
3825714,Atlético Madrid,Levante UD,1,0,La Liga
3825713,Villarreal,Valencia,1,0,La Liga
3825710,Real Madrid,Real Sociedad,3,1,La Liga
3825709,Sevilla,Espanyol,2,0,La Liga
3825646,Villarreal,Sevilla,2,1,La Liga
3825645,Getafe,Barcelona,0,2,La Liga
3825644,Real Sociedad,Celta Vigo,2,3,La Liga
3825640,Levante UD,Real Sociedad,0,4,La Liga
3825639,Las Palmas,Villarreal,0,0,La Liga
3825636,Málaga,RC Deportivo La Coruña,2,0,La Liga
3825635,Celta Vigo,Real Madrid,1,3,La Liga
3825634,Granada,Real Betis,1,1,La Liga
3825633,Rayo Vallecano,Espanyol,3,0,La Liga
3825632,Sporting Gijón,Granada,3,3,La Liga
3825631,Real Sociedad,Atlético Madrid,0,2,La Liga
3825630,RC Deportivo La Coruña,Athletic Club,2,2,La Liga
3825629,Villarreal,Celta Vigo,1,2,La Liga
3825627,Barcelona,Rayo Vallecano,5,2,La Liga
3825625,Real Madrid,Levante UD,3,0,La Liga
3825624,Eibar,Sevilla,1,1,La Liga
3825622,Athletic Club,Valencia,3,1,La Liga
3825621,Atlético Madrid,Real Madrid,1,1,La Liga
3825620,Rayo Vallecano,Real Betis,0,2,La Liga
3825617,Sevilla,Barcelona,2,1,La Liga
3825615,Espanyol,Sporting Gijón,1,2,La Liga
3825613,Celta Vigo,Getafe,0,0,La Liga
3825610,Sporting Gijón,Real Betis,1,2,La Liga
3825606,Real Madrid,Málaga,0,0,La Liga
3825605,Sevilla,Rayo Vallecano,3,2,La Liga
3825604,Valencia,Granada,1,0,La Liga
3825603,Real Betis,RC Deportivo La Coruña,1,2,La Liga
3825602,Athletic Club,Real Madrid,1,2,La Liga
3825600,Málaga,Villarreal,0,1,La Liga
3825599,Espanyol,Valencia,1,0,La Liga
3825597,Las Palmas,Rayo Vallecano,0,1,La Liga
3825596,RC Deportivo La Coruña,Sporting Gijón,2,3,La Liga
3825594,Sevilla,Celta Vigo,1,2,La Liga
3825593,Eibar,Atlético Madrid,0,2,La Liga
3825592,Real Sociedad,Espanyol,2,3,La Liga
3825591,Valencia,Real Betis,0,0,La Liga
3825590,Real Madrid,Granada,1,0,La Liga
3825589,Getafe,Málaga,1,0,La Liga
3825588,Rayo Vallecano,RC Deportivo La Coruña,1,3,La Liga
3825587,Athletic Club,Getafe,3,1,La Liga
3825586,Málaga,Eibar,0,0,La Liga
3825585,Celta Vigo,Las Palmas,3,3,La Liga
3825583,Sporting Gijón,Valencia,0,1,La Liga
3825582,Real Betis,Real Sociedad,1,0,La Liga
3825581,Espanyol,Real Madrid,0,6,La Liga
3825580,Levante UD,Sevilla,1,1,La Liga
3825578,Eibar,Athletic Club,2,0,La Liga
3825577,Getafe,Granada,1,2,La Liga
3825576,Valencia,RC Deportivo La Coruña,1,1,La Liga
3825575,Las Palmas,Levante UD,0,0,La Liga
3825574,Celta Vigo,Rayo Vallecano,3,0,La Liga
3825573,Real Sociedad,Sporting Gijón,0,0,La Liga
3825571,Villarreal,Espanyol,3,1,La Liga
3825569,Levante UD,Celta Vigo,1,2,La Liga
3825568,Real Betis,Villarreal,1,1,La Liga
3825567,Sporting Gijón,Real Madrid,0,0,La Liga
3825566,Rayo Vallecano,Valencia,0,0,La Liga
3825565,Espanyol,Getafe,1,0,La Liga
3825564,RC Deportivo La Coruña,Real Sociedad,0,0,La Liga
3825563,Atlético Madrid,Las Palmas,1,0,La Liga
266498,Barcelona,Getafe,6,0,La Liga
266986,Real Betis,Barcelona,0,2,La Liga
267533,Barcelona,Real Madrid,1,2,La Liga
266310,RC Deportivo La Coruña,Barcelona,0,8,La Liga
267576,Barcelona,Atlético Madrid,2,1,La Liga
266653,Rayo Vallecano,Barcelona,1,5,La Liga
265944,Barcelona,Sporting Gijón,6,0,La Liga
265894,Málaga,Barcelona,1,2,La Liga
265958,Barcelona,Espanyol,5,0,La Liga
267611,Barcelona,Las Palmas,2,1,La Liga
267422,Barcelona,Málaga,1,0,La Liga
266236,Athletic Club,Barcelona,0,1,La Liga
267274,Valencia,Barcelona,1,1,La Liga
266961,Barcelona,RC Deportivo La Coruña,2,2,La Liga
266885,Barcelona,Real Sociedad,4,0,La Liga
266815,Sporting Gijón,Barcelona,1,3,La Liga
267506,Granada,Barcelona,0,3,La Liga
266664,Real Sociedad,Barcelona,1,0,La Liga
266106,Villarreal,Barcelona,2,2,La Liga
266670,Espanyol,Barcelona,0,0,La Liga
266149,Barcelona,Athletic Club,6,0,La Liga
266620,Barcelona,Granada,4,0,La Liga
266056,Eibar,Barcelona,0,4,La Liga
267327,Barcelona,Real Betis,4,0,La Liga
266166,Atlético Madrid,Barcelona,1,2,La Liga
266160,Levante UD,Barcelona,0,2,La Liga
265839,Barcelona,Sevilla,2,1,La Liga
266424,Real Madrid,Barcelona,0,4,La Liga
266467,Celta Vigo,Barcelona,4,1,La Liga
267273,Las Palmas,Barcelona,1,2,La Liga
266490,Barcelona,Levante UD,4,1,La Liga
266254,Barcelona,Celta Vigo,6,1,La Liga
266557,Barcelona,Valencia,1,2,La Liga
3754217,Chelsea,Arsenal,2,0,Premier League
3754117,Aston Villa,Arsenal,0,2,Premier League
3754296,Arsenal,Manchester City,2,1,Premier League
3753983,Swansea City,Arsenal,0,3,Premier League
3754160,Arsenal,Sunderland,3,1,Premier League
3754129,Arsenal,Liverpool,0,0,Premier League
3754309,Southampton,Arsenal,4,0,Premier League
3754047,Liverpool,Swansea City,1,0,Premier League
3754058,Leicester City,AFC Bournemouth,0,0,Premier League
3754245,West Bromwich Albion,Sunderland,1,0,Premier League
3754136,Newcastle United,Aston Villa,1,1,Premier League
3754037,Everton,AFC Bournemouth,2,1,Premier League
3754039,Crystal Palace,Watford,1,2,Premier League
3754041,Arsenal,Aston Villa,4,0,Premier League
3754042,West Bromwich Albion,Liverpool,1,1,Premier League
3754043,Tottenham Hotspur,AFC Bournemouth,3,0,Premier League
3754045,Leicester City,Manchester City,0,0,Premier League
3754048,Crystal Palace,Everton,0,0,Premier League
3754049,Leicester City,Norwich City,1,0,Premier League
3754050,Sunderland,Crystal Palace,2,2,Premier League
3754052,West Bromwich Albion,Norwich City,0,1,Premier League
3754053,Aston Villa,Tottenham Hotspur,0,2,Premier League
3754055,Liverpool,Chelsea,1,1,Premier League
3754226,Sunderland,Liverpool,0,1,Premier League
3754014,Stoke City,Manchester United,2,0,Premier League
3754091,Stoke City,Watford,0,2,Premier League
3754135,Stoke City,Manchester City,2,0,Premier League
3754293,Stoke City,Chelsea,1,0,Premier League
3754339,Stoke City,AFC Bournemouth,2,1,Premier League
3754146,Stoke City,Leicester City,2,2,Premier League
3754347,Manchester United,West Ham United,0,0,Premier League
3754255,Liverpool,West Bromwich Albion,2,2,Premier League
3754278,AFC Bournemouth,Watford,1,1,Premier League
3753979,Crystal Palace,Sunderland,0,1,Premier League
3753972,Swansea City,AFC Bournemouth,2,2,Premier League
3753978,Southampton,Swansea City,3,1,Premier League
3753974,Newcastle United,Everton,0,1,Premier League
3753993,Sunderland,Norwich City,1,3,Premier League
3754015,Manchester United,Manchester City,0,0,Premier League
3754038,Norwich City,Arsenal,1,1,Premier League
3754001,Newcastle United,Chelsea,2,2,Premier League
3754007,Stoke City,West Bromwich Albion,0,1,Premier League
3754008,Manchester United,Sunderland,3,0,Premier League
3754029,Tottenham Hotspur,Aston Villa,3,1,Premier League
3753995,Chelsea,Southampton,1,3,Premier League
3753999,Watford,Arsenal,0,3,Premier League
3754017,Aston Villa,Swansea City,1,2,Premier League
3754006,West Bromwich Albion,Leicester City,2,3,Premier League
3754023,AFC Bournemouth,Leicester City,1,1,Premier League
3753984,Liverpool,West Ham United,0,3,Premier League
3754011,Southampton,Manchester United,2,3,Premier League
3754010,Newcastle United,Watford,1,2,Premier League
3754028,Manchester City,Southampton,3,1,Premier League
3753996,Chelsea,Norwich City,1,0,Premier League
3754025,Chelsea,Sunderland,3,1,Premier League
3754068,Aston Villa,West Bromwich Albion,0,1,Premier League
3754056,Everton,Stoke City,3,4,Premier League
3754040,Liverpool,Norwich City,1,1,Premier League
3754074,Swansea City,Tottenham Hotspur,2,2,Premier League
3754076,Sunderland,West Ham United,2,2,Premier League
3754067,Crystal Palace,West Ham United,1,3,Premier League
3754079,Manchester City,Newcastle United,6,1,Premier League
3754090,Newcastle United,Stoke City,0,0,Premier League
3754083,Chelsea,Crystal Palace,1,2,Premier League
3754077,Manchester City,West Ham United,1,2,Premier League
3754060,Everton,Liverpool,1,1,Premier League
3754073,Chelsea,AFC Bournemouth,0,1,Premier League
3754085,Swansea City,Leicester City,0,3,Premier League
3754051,Watford,Liverpool,3,0,Premier League
3754093,Tottenham Hotspur,Chelsea,0,0,Premier League
3754046,Everton,Crystal Palace,1,1,Premier League
3754072,Sunderland,Watford,0,1,Premier League
3754082,Everton,Sunderland,6,2,Premier League
3754106,Leicester City,Aston Villa,3,2,Premier League
3754099,Crystal Palace,West Bromwich Albion,2,0,Premier League
3754098,Chelsea,Liverpool,1,3,Premier League
3754057,Tottenham Hotspur,Norwich City,3,0,Premier League
3754112,Newcastle United,Southampton,2,2,Premier League
3754104,Norwich City,Stoke City,1,1,Premier League
3754054,Manchester City,Sunderland,4,1,Premier League
3754113,Southampton,Aston Villa,1,1,Premier League
3754107,Aston Villa,Manchester United,0,1,Premier League
3754105,West Bromwich Albion,Everton,2,3,Premier League
3754097,Manchester United,Tottenham Hotspur,1,0,Premier League
3754102,Newcastle United,Norwich City,6,2,Premier League
3754115,Chelsea,Aston Villa,2,0,Premier League
3754148,Sunderland,Tottenham Hotspur,0,1,Premier League
3754169,AFC Bournemouth,Sunderland,2,0,Premier League
3754174,Leicester City,Arsenal,2,5,Premier League
3754185,Watford,Manchester United,1,2,Premier League
3754162,AFC Bournemouth,Manchester United,2,1,Premier League
3754096,West Ham United,Stoke City,0,0,Premier League
3754171,Arsenal,Manchester United,3,0,Premier League
3754119,Sunderland,Newcastle United,3,0,Premier League
3754126,Arsenal,Everton,2,1,Premier League
3754133,Norwich City,West Bromwich Albion,0,1,Premier League
3754167,Manchester City,Norwich City,2,1,Premier League
3754145,West Bromwich Albion,Manchester City,0,3,Premier League
3754153,Stoke City,Crystal Palace,1,2,Premier League
3754143,Newcastle United,Liverpool,2,0,Premier League
3754186,Leicester City,Manchester United,1,1,Premier League
3754130,Norwich City,Aston Villa,2,0,Premier League
3754188,Southampton,Tottenham Hotspur,0,2,Premier League
3754178,Aston Villa,Watford,2,3,Premier League
3754157,AFC Bournemouth,Everton,3,3,Premier League
3754166,Everton,Leicester City,2,3,Premier League
3754211,Newcastle United,Leicester City,0,3,Premier League
3754150,Sunderland,Stoke City,2,0,Premier League
3754218,Crystal Palace,Southampton,1,0,Premier League
3754205,Newcastle United,Arsenal,0,1,Premier League
3754221,Swansea City,Manchester United,2,1,Premier League
3754198,Tottenham Hotspur,Liverpool,0,0,Premier League
3754193,Manchester City,AFC Bournemouth,5,1,Premier League
3754222,Tottenham Hotspur,Crystal Palace,1,0,Premier League
3754213,Watford,Swansea City,1,0,Premier League
3754212,Liverpool,Aston Villa,3,2,Premier League
3754223,Crystal Palace,Manchester United,0,0,Premier League
3754197,Tottenham Hotspur,Manchester City,4,1,Premier League
3754208,Manchester City,Liverpool,1,4,Premier League
3754204,Aston Villa,Sunderland,2,2,Premier League
3754194,West Ham United,Everton,1,1,Premier League
3754219,West Bromwich Albion,AFC Bournemouth,1,2,Premier League
3754254,Manchester United,Newcastle United,0,0,Premier League
3754230,Liverpool,Southampton,1,1,Premier League
3754285,Aston Villa,West Ham United,1,1,Premier League
3754233,Everton,Manchester City,0,2,Premier League
3754270,Tottenham Hotspur,Stoke City,2,2,Premier League
3754237,Leicester City,Sunderland,4,2,Premier League
3754257,Crystal Palace,Manchester City,0,1,Premier League
3754266,Watford,Crystal Palace,0,1,Premier League
3754256,Everton,Manchester United,0,3,Premier League
3754288,West Ham United,Chelsea,2,1,Premier League
3754238,AFC Bournemouth,Newcastle United,0,1,Premier League
3754269,Swansea City,Stoke City,0,1,Premier League
3754234,AFC Bournemouth,Tottenham Hotspur,1,5,Premier League
3754246,Manchester City,Watford,2,0,Premier League
3754273,Watford,West Ham United,2,0,Premier League
3754263,Leicester City,Crystal Palace,1,0,Premier League
3754268,Tottenham Hotspur,Everton,0,0,Premier League
3754286,Watford,Norwich City,2,0,Premier League
3754291,Watford,Tottenham Hotspur,1,2,Premier League
3754283,Everton,Aston Villa,4,0,Premier League
3754235,West Ham United,West Bromwich Albion,1,1,Premier League
3754279,Swansea City,West Bromwich Albion,1,0,Premier League
3754276,Tottenham Hotspur,Newcastle United,1,2,Premier League
3754287,Chelsea,Watford,2,2,Premier League
3754259,Swansea City,West Ham United,0,0,Premier League
3754335,Norwich City,Leicester City,1,2,Premier League
3754298,Swansea City,Everton,0,0,Premier League
3754315,Norwich City,AFC Bournemouth,3,1,Premier League
3754330,Aston Villa,Stoke City,0,1,Premier League
3754337,Southampton,Norwich City,3,0,Premier League
3754297,Manchester United,West Bromwich Albion,2,0,Premier League
3754301,West Bromwich Albion,Arsenal,2,1,Premier League
3754323,West Ham United,Norwich City,2,2,Premier League
3754304,Crystal Palace,Newcastle United,5,1,Premier League
3754311,Norwich City,Swansea City,1,0,Premier League
3754328,Manchester City,Swansea City,2,1,Premier League
3754325,West Bromwich Albion,Southampton,0,0,Premier League
3754329,West Ham United,Newcastle United,2,0,Premier League
3754302,Southampton,Leicester City,2,2,Premier League
3754013,Leicester City,Chelsea,2,1,Premier League
3754044,Manchester United,Norwich City,1,2,Premier League
3754351,Liverpool,Crystal Palace,1,2,Premier League
3754343,Liverpool,Leicester City,1,0,Premier League
3754109,Tottenham Hotspur,West Ham United,4,1,Premier League
3754182,Norwich City,Everton,1,1,Premier League
3754240,Arsenal,Stoke City,2,0,Premier League
3754336,Everton,Chelsea,3,1,Premier League
3754247,Southampton,Stoke City,0,1,Premier League
3754156,Leicester City,Watford,2,1,Premier League
3754265,Arsenal,Tottenham Hotspur,1,1,Premier League
3754000,Sunderland,Southampton,0,1,Premier League
3754003,Manchester United,Liverpool,3,1,Premier League
3754344,Swansea City,Newcastle United,2,0,Premier League
3754131,West Ham United,AFC Bournemouth,3,4,Premier League
3754300,Everton,Watford,2,2,Premier League
3754312,Crystal Palace,Arsenal,1,2,Premier League
3754138,Norwich City,Crystal Palace,1,3,Premier League
3754203,West Ham United,Leicester City,1,2,Premier League
3754190,Crystal Palace,Aston Villa,2,1,Premier League
3754066,Manchester City,Chelsea,3,0,Premier League
3754034,Southampton,Everton,0,3,Premier League
3753985,Stoke City,Liverpool,0,1,Premier League
3753987,Leicester City,Tottenham Hotspur,1,1,Premier League
3754189,Watford,Southampton,0,0,Premier League
3754180,Sunderland,Swansea City,1,1,Premier League
3754059,West Bromwich Albion,Chelsea,2,3,Premier League
3754064,Southampton,Liverpool,3,2,Premier League
3754065,Tottenham Hotspur,Leicester City,0,1,Premier League
3754173,Arsenal,AFC Bournemouth,2,0,Premier League
3754175,Sunderland,West Bromwich Albion,0,0,Premier League
3753973,Chelsea,West Ham United,2,2,Premier League
3753975,Sunderland,AFC Bournemouth,1,1,Premier League
3753976,Arsenal,Swansea City,1,2,Premier League
3753977,Watford,Stoke City,1,2,Premier League
3753980,Everton,Arsenal,0,2,Premier League
3753981,Aston Villa,Crystal Palace,1,0,Premier League
3753982,Leicester City,Southampton,1,0,Premier League
3753986,Liverpool,Stoke City,4,1,Premier League
3753988,AFC Bournemouth,Swansea City,3,2,Premier League
3753989,Sunderland,Everton,3,0,Premier League
3753990,Sunderland,Arsenal,0,0,Premier League
3753991,Liverpool,Manchester City,3,0,Premier League
3753992,Tottenham Hotspur,Southampton,1,2,Premier League
3753994,Southampton,Crystal Palace,4,1,Premier League
3753997,West Ham United,Aston Villa,2,0,Premier League
3753998,West Ham United,Southampton,2,1,Premier League
3754002,Leicester City,Newcastle United,1,0,Premier League
3754004,AFC Bournemouth,Norwich City,3,0,Premier League
3754005,Stoke City,Newcastle United,1,0,Premier League
3754009,Arsenal,Crystal Palace,1,1,Premier League
3754012,Southampton,Chelsea,1,2,Premier League
3754016,Southampton,Newcastle United,3,1,Premier League
3754018,Swansea City,Liverpool,3,1,Premier League
3754019,Manchester United,Chelsea,0,0,Premier League
3754021,AFC Bournemouth,West Ham United,1,3,Premier League
3754022,Crystal Palace,Norwich City,1,0,Premier League
3754024,Newcastle United,Swansea City,3,0,Premier League
3754026,Crystal Palace,Stoke City,2,1,Premier League
3754027,Tottenham Hotspur,Sunderland,4,1,Premier League
3754030,Watford,Everton,1,1,Premier League
3754031,Sunderland,Manchester United,2,1,Premier League
3754032,Stoke City,Norwich City,3,1,Premier League
3754033,Leicester City,Everton,3,1,Premier League
3754035,Manchester City,West Bromwich Albion,2,1,Premier League
3754036,Sunderland,Aston Villa,3,1,Premier League
3754061,Chelsea,Stoke City,1,1,Premier League
3754062,Chelsea,West Bromwich Albion,2,2,Premier League
3754063,Watford,Aston Villa,3,2,Premier League
3754069,Arsenal,Newcastle United,1,0,Premier League
3754070,Aston Villa,Newcastle United,0,0,Premier League
3754071,Swansea City,Sunderland,2,4,Premier League
3754075,Aston Villa,Chelsea,0,4,Premier League
3754080,Tottenham Hotspur,Watford,1,0,Premier League
3754081,West Bromwich Albion,Manchester United,1,0,Premier League
3754084,West Bromwich Albion,Aston Villa,0,0,Premier League
3754086,West Ham United,Watford,3,1,Premier League
3754087,Liverpool,Tottenham Hotspur,1,1,Premier League
3754088,Newcastle United,Manchester United,3,3,Premier League
3754089,Crystal Palace,AFC Bournemouth,1,2,Premier League
3754092,Chelsea,Tottenham Hotspur,2,2,Premier League
3754094,Manchester United,Stoke City,3,0,Premier League
3754095,Sunderland,Manchester City,0,1,Premier League
3754100,Newcastle United,Sunderland,1,1,Premier League
3754101,Norwich City,Southampton,1,0,Premier League
3754103,Watford,Chelsea,0,0,Premier League
3754108,Sunderland,Chelsea,3,2,Premier League
3754110,West Ham United,Manchester City,2,2,Premier League
3754111,Arsenal,Chelsea,0,1,Premier League
3754114,Crystal Palace,Chelsea,0,3,Premier League
3754116,Swansea City,Chelsea,1,0,Premier League
3754118,Arsenal,Watford,4,0,Premier League
3754120,Southampton,West Ham United,1,0,Premier League
3754121,Watford,AFC Bournemouth,0,0,Premier League
3754122,West Bromwich Albion,Stoke City,2,1,Premier League
3754123,Everton,Norwich City,3,0,Premier League
3754124,Manchester City,Manchester United,0,1,Premier League
3754125,Chelsea,Everton,3,3,Premier League
3754127,Stoke City,Everton,0,3,Premier League
3754132,Stoke City,Sunderland,1,1,Premier League
3754134,West Ham United,Manchester United,3,2,Premier League
3754137,Everton,Southampton,1,1,Premier League
3754139,Swansea City,Southampton,0,1,Premier League
3754140,Everton,Tottenham Hotspur,1,1,Premier League
3754142,Manchester City,Everton,0,0,Premier League
3754144,AFC Bournemouth,Manchester City,0,4,Premier League
3754147,Manchester City,Tottenham Hotspur,1,2,Premier League
3754149,Swansea City,Manchester City,1,1,Premier League
3754151,Swansea City,Norwich City,1,0,Premier League
3754152,Sunderland,Leicester City,0,2,Premier League
3754154,Liverpool,Newcastle United,2,2,Premier League
3754155,West Bromwich Albion,Watford,0,1,Premier League
3754158,West Ham United,Swansea City,1,4,Premier League
3754159,Manchester United,AFC Bournemouth,3,1,Premier League
3754161,Swansea City,Watford,1,0,Premier League
3754163,Everton,Swansea City,1,2,Premier League
3754164,Southampton,Sunderland,1,1,Premier League
3754165,Manchester United,Leicester City,1,1,Premier League
3754168,Southampton,West Bromwich Albion,3,0,Premier League
3754170,Newcastle United,Crystal Palace,1,0,Premier League
3754172,Norwich City,Sunderland,0,3,Premier League
3754176,West Ham United,Crystal Palace,2,2,Premier League
3754177,Newcastle United,AFC Bournemouth,1,3,Premier League
3754179,Crystal Palace,Tottenham Hotspur,1,3,Premier League
3754181,Crystal Palace,Leicester City,0,1,Premier League
3754183,Southampton,Watford,2,0,Premier League
3754184,Arsenal,Norwich City,1,0,Premier League
3754187,Stoke City,Tottenham Hotspur,0,4,Premier League
3754191,Southampton,AFC Bournemouth,2,0,Premier League
3754192,West Bromwich Albion,West Ham United,0,3,Premier League
3754195,West Bromwich Albion,Newcastle United,1,0,Premier League
3754196,Stoke City,Southampton,1,2,Premier League
3754199,Stoke City,West Ham United,2,1,Premier League
3754200,Manchester United,Southampton,0,1,Premier League
3754201,Arsenal,Southampton,0,0,Premier League
3754202,Stoke City,Arsenal,0,0,Premier League
3754206,Newcastle United,Manchester City,1,1,Premier League
3754207,Norwich City,Watford,4,2,Premier League
3754209,Tottenham Hotspur,Manchester United,3,0,Premier League
3754210,Norwich City,Manchester United,0,1,Premier League
3754214,Aston Villa,Liverpool,0,6,Premier League
3754215,West Bromwich Albion,Tottenham Hotspur,1,1,Premier League
3754216,AFC Bournemouth,Liverpool,1,2,Premier League
3754220,Crystal Palace,Liverpool,1,2,Premier League
3754224,Swansea City,Aston Villa,1,0,Premier League
3754225,AFC Bournemouth,West Bromwich Albion,1,1,Premier League
3754227,Leicester City,West Ham United,2,2,Premier League
3754228,Leicester City,Swansea City,4,0,Premier League
3754229,Chelsea,Leicester City,1,1,Premier League
3754231,Leicester City,West Bromwich Albion,2,2,Premier League
3754232,Manchester United,Watford,1,0,Premier League
3754236,West Bromwich Albion,Crystal Palace,3,2,Premier League
3754239,Manchester United,Arsenal,3,2,Premier League
3754241,West Ham United,Arsenal,3,3,Premier League
3754242,AFC Bournemouth,Chelsea,1,4,Premier League
3754243,Norwich City,Newcastle United,3,2,Premier League
3754244,Norwich City,West Ham United,2,2,Premier League
3754249,Manchester City,Aston Villa,4,0,Premier League
3754250,Aston Villa,Leicester City,1,1,Premier League
3754251,West Ham United,Liverpool,2,0,Premier League
3754252,Everton,Newcastle United,3,0,Premier League
3754253,AFC Bournemouth,Arsenal,0,2,Premier League
3754260,Manchester City,Crystal Palace,4,0,Premier League
3754261,Arsenal,Leicester City,2,1,Premier League
3754262,Aston Villa,AFC Bournemouth,1,2,Premier League
3754264,Chelsea,Newcastle United,5,1,Premier League
3754295,Manchester United,Aston Villa,1,0,Premier League
3754271,Watford,Newcastle United,2,1,Premier League
3754272,Stoke City,Swansea City,2,2,Premier League
3754274,AFC Bournemouth,Stoke City,1,3,Premier League
3754275,Leicester City,Liverpool,2,0,Premier League
3754277,Everton,West Ham United,2,3,Premier League
3754280,Norwich City,Chelsea,1,2,Premier League
3754281,Chelsea,Manchester United,1,1,Premier League
3754282,Aston Villa,Southampton,2,4,Premier League
3754284,Arsenal,West Bromwich Albion,2,0,Premier League
3754289,Watford,Leicester City,0,1,Premier League
3754290,Manchester City,Leicester City,1,3,Premier League
3754292,Newcastle United,West Bromwich Albion,1,0,Premier League
3754294,Liverpool,Everton,4,0,Premier League
3754248,AFC Bournemouth,Crystal Palace,0,0,Premier League
3754299,Manchester United,Everton,1,0,Premier League
3754303,Swansea City,Crystal Palace,1,1,Premier League
3754305,Liverpool,Arsenal,3,3,Premier League
3754306,Aston Villa,Norwich City,2,0,Premier League
3754307,Manchester City,Stoke City,4,0,Premier League
3754308,Watford,Sunderland,2,2,Premier League
3754310,Manchester United,Crystal Palace,2,0,Premier League
3754313,Norwich City,Manchester City,0,0,Premier League
3754314,Manchester City,Arsenal,2,2,Premier League
3754316,Liverpool,Sunderland,2,2,Premier League
3754317,Norwich City,Tottenham Hotspur,0,3,Premier League
3754318,Tottenham Hotspur,Arsenal,2,2,Premier League
3754319,Manchester United,Swansea City,2,1,Premier League
3754320,Southampton,Manchester City,4,2,Premier League
3754321,Stoke City,Aston Villa,2,1,Premier League
3754322,Chelsea,Manchester City,0,3,Premier League
3754324,Tottenham Hotspur,Swansea City,2,1,Premier League
3754326,Crystal Palace,Swansea City,0,0,Premier League
3754327,Aston Villa,Everton,1,3,Premier League
3754331,West Ham United,Sunderland,1,0,Premier League
3754332,Tottenham Hotspur,West Bromwich Albion,1,1,Premier League
3754333,Newcastle United,Tottenham Hotspur,5,1,Premier League
3754334,AFC Bournemouth,Southampton,2,0,Premier League
3754338,Newcastle United,West Ham United,2,1,Premier League
3754340,West Bromwich Albion,Swansea City,1,1,Premier League
3754341,Leicester City,Stoke City,3,0,Premier League
3754342,Liverpool,Watford,2,0,Premier League
3754345,Liverpool,Manchester United,0,1,Premier League
3754346,Watford,Manchester City,1,2,Premier League
3754348,Norwich City,Liverpool,4,5,Premier League
3754349,West Ham United,Tottenham Hotspur,1,0,Premier League
3754350,Everton,West Bromwich Albion,0,1,Premier League
3754258,Aston Villa,Manchester City,0,0,Premier League
3754020,Liverpool,AFC Bournemouth,1,0,Premier League
3754267,Watford,West Bromwich Albion,0,0,Premier League
3754141,Arsenal,West Ham United,0,2,Premier League
3754128,AFC Bournemouth,Aston Villa,0,1,Premier League
3754078,Chelsea,Swansea City,2,2,Premier League
3879608,Hellas Verona,Bologna,0,2,Serie A
3879551,Hellas Verona,Lazio,1,2,Serie A
3879575,Hellas Verona,Udinese,1,1,Serie A
3879542,Inter Milan,Hellas Verona,1,0,Serie A
3879600,Carpi,Hellas Verona,0,0,Serie A
3879557,Chievo,Hellas Verona,1,1,Serie A
3879819,Carpi,Genoa,4,1,Serie A
3878541,Hellas Verona,AS Roma,1,1,Serie A
3879664,Sampdoria,Palermo,2,0,Serie A
3879863,Atalanta,Udinese,1,1,Serie A
3879773,Frosinone,Udinese,2,0,Serie A
3879847,Udinese,Torino,1,5,Serie A
3879862,Torino,Napoli,1,2,Serie A
3879817,Inter Milan,Napoli,2,0,Serie A
3879825,Lazio,Empoli,2,0,Serie A
3879750,Atalanta,Fiorentina,2,3,Serie A
3879567,AS Roma,Empoli,3,1,Serie A
3879785,Lazio,Atalanta,2,0,Serie A
3879705,Sassuolo,Bologna,0,2,Serie A
3879628,AC Milan,Sampdoria,4,1,Serie A
3879665,Frosinone,AC Milan,2,4,Serie A
3879699,Sampdoria,Napoli,2,4,Serie A
3879703,Lazio,Chievo,4,1,Serie A
3879609,Napoli,Udinese,1,0,Serie A
3879653,Juventus,Fiorentina,3,1,Serie A
3879632,AS Roma,Atalanta,0,2,Serie A
3879663,Hellas Verona,Sassuolo,1,1,Serie A
3879645,Bologna,Napoli,3,2,Serie A
3879579,Palermo,Inter Milan,1,1,Serie A
3879566,Udinese,Genoa,1,1,Serie A
3879587,Bologna,Inter Milan,0,1,Serie A
3879556,Frosinone,Empoli,2,0,Serie A
3879585,AC Milan,Sassuolo,2,1,Serie A
3879582,Lazio,Torino,3,0,Serie A
3879564,Palermo,AS Roma,2,4,Serie A
3879562,AC Milan,Napoli,0,4,Serie A
3879837,Inter Milan,Udinese,3,1,Serie A
3879838,Sampdoria,Lazio,2,1,Serie A
3879839,Fiorentina,Juventus,1,2,Serie A
3879840,Bologna,Genoa,2,0,Serie A
3879836,AC Milan,Carpi,0,0,Serie A
3879833,Juventus,Lazio,3,0,Serie A
3879828,AS Roma,Torino,3,2,Serie A
3879832,Palermo,Atalanta,2,2,Serie A
3879830,Genoa,Inter Milan,1,0,Serie A
3879792,Sampdoria,Chievo,0,1,Serie A
3879795,Hellas Verona,Carpi,1,2,Serie A
3879794,Atalanta,Bologna,2,0,Serie A
3879788,Empoli,Palermo,0,0,Serie A
3879787,AS Roma,Inter Milan,1,1,Serie A
3879786,Palermo,Napoli,0,1,Serie A
3879784,Genoa,Torino,3,2,Serie A
3879783,Udinese,AS Roma,1,2,Serie A
3879782,Carpi,Frosinone,2,1,Serie A
3879781,Chievo,AC Milan,0,0,Serie A
3879780,Fiorentina,Hellas Verona,1,1,Serie A
3879779,Inter Milan,Bologna,2,1,Serie A
3879778,Empoli,Sampdoria,1,1,Serie A
3879777,Juventus,Sassuolo,1,0,Serie A
3879774,Inter Milan,Palermo,3,1,Serie A
3879776,Bologna,Carpi,0,0,Serie A
3879771,Sassuolo,AC Milan,2,0,Serie A
3879772,Torino,Lazio,1,1,Serie A
3879756,Napoli,AC Milan,1,1,Serie A
3879754,Torino,Carpi,0,0,Serie A
3879748,Hellas Verona,Chievo,3,1,Serie A
3879749,Inter Milan,Sampdoria,3,1,Serie A
3879747,Bologna,Juventus,0,0,Serie A
3879742,AC Milan,Genoa,2,1,Serie A
3879746,Fiorentina,Inter Milan,2,1,Serie A
3879744,Sampdoria,Atalanta,0,0,Serie A
3879745,Palermo,Torino,1,3,Serie A
3879743,Udinese,Bologna,0,1,Serie A
3879739,Juventus,Napoli,1,0,Serie A
3879741,Chievo,Sassuolo,1,1,Serie A
3879740,Empoli,Frosinone,1,2,Serie A
3879738,Carpi,AS Roma,1,3,Serie A
3879737,Lazio,Hellas Verona,5,2,Serie A
3879732,Torino,Chievo,1,2,Serie A
3879707,AS Roma,Frosinone,3,1,Serie A
3879702,Hellas Verona,Genoa,1,1,Serie A
3879704,Inter Milan,Carpi,1,1,Serie A
3879701,Juventus,AS Roma,1,0,Serie A
3879700,Palermo,Udinese,4,1,Serie A
3879706,Fiorentina,Torino,2,0,Serie A
3878559,Atalanta,Frosinone,2,0,Serie A
3879636,Sassuolo,Fiorentina,1,1,Serie A
3879627,Torino,Bologna,2,0,Serie A
3879626,Inter Milan,Frosinone,4,0,Serie A
3879625,Udinese,Sampdoria,1,0,Serie A
3879624,Lazio,Palermo,1,1,Serie A
3879623,Fiorentina,Empoli,2,2,Serie A
3879622,Carpi,Chievo,1,2,Serie A
3879621,Atalanta,Torino,0,1,Serie A
3879620,Hellas Verona,Napoli,0,2,Serie A
3878611,Chievo,Inter Milan,0,1,Serie A
3878610,Atalanta,Hellas Verona,1,1,Serie A
3878608,Bologna,Frosinone,1,0,Serie A
3878607,AS Roma,Sassuolo,2,2,Serie A
3878606,Torino,Sampdoria,2,0,Serie A
3878605,Carpi,Fiorentina,0,1,Serie A
3879876,Genoa,Atalanta,1,2,Serie A
3879875,Palermo,Hellas Verona,3,2,Serie A
3879874,Lazio,Fiorentina,2,4,Serie A
3879873,Empoli,Torino,2,1,Serie A
3879872,Chievo,Bologna,0,0,Serie A
3879871,Udinese,Carpi,1,2,Serie A
3879870,Juventus,Sampdoria,5,0,Serie A
3879869,AC Milan,AS Roma,1,3,Serie A
3879868,Sassuolo,Inter Milan,3,1,Serie A
3879867,Napoli,Frosinone,4,0,Serie A
3879866,AS Roma,Chievo,3,0,Serie A
3879865,Sampdoria,Genoa,0,3,Serie A
3879864,Hellas Verona,Juventus,2,1,Serie A
3879861,Frosinone,Sassuolo,0,1,Serie A
3879860,Fiorentina,Palermo,0,0,Serie A
3879859,Carpi,Lazio,1,3,Serie A
3879858,Bologna,AC Milan,0,1,Serie A
3879857,Inter Milan,Empoli,2,1,Serie A
3879856,Genoa,AS Roma,2,3,Serie A
3879855,Napoli,Atalanta,2,1,Serie A
3879854,Sassuolo,Hellas Verona,1,0,Serie A
3879853,Lazio,Inter Milan,2,0,Serie A
3879852,Palermo,Sampdoria,2,0,Serie A
3879851,AC Milan,Frosinone,3,3,Serie A
3879850,Juventus,Carpi,2,0,Serie A
3879849,Empoli,Bologna,0,0,Serie A
3879848,Chievo,Fiorentina,0,0,Serie A
3879846,Hellas Verona,AC Milan,2,1,Serie A
3879845,AS Roma,Napoli,1,0,Serie A
3879844,Carpi,Empoli,1,0,Serie A
3879843,Torino,Sassuolo,1,3,Serie A
3879842,Atalanta,Chievo,1,0,Serie A
3879841,Frosinone,Palermo,0,2,Serie A
3879835,Chievo,Frosinone,5,1,Serie A
3879834,Udinese,Fiorentina,2,1,Serie A
3879831,Sassuolo,Sampdoria,0,0,Serie A
3879829,Empoli,Hellas Verona,1,0,Serie A
3879827,Napoli,Bologna,6,0,Serie A
3879826,Hellas Verona,Frosinone,1,2,Serie A
3879824,Sampdoria,AC Milan,0,1,Serie A
3879823,Atalanta,AS Roma,3,3,Serie A
3879822,Udinese,Chievo,0,0,Serie A
3879821,Fiorentina,Sassuolo,3,1,Serie A
3879820,Juventus,Palermo,4,0,Serie A
3879818,Bologna,Torino,0,1,Serie A
3879816,AS Roma,Bologna,1,1,Serie A
3879815,Torino,Atalanta,2,1,Serie A
3879814,Empoli,Fiorentina,2,0,Serie A
3879813,Sampdoria,Udinese,2,0,Serie A
3879812,Palermo,Lazio,0,3,Serie A
3879811,Napoli,Hellas Verona,3,0,Serie A
3879810,AC Milan,Juventus,1,2,Serie A
3879809,Sassuolo,Genoa,0,1,Serie A
3879808,Frosinone,Inter Milan,0,1,Serie A
3879807,Chievo,Carpi,1,0,Serie A
3879806,Bologna,Hellas Verona,0,1,Serie A
3879805,Atalanta,AC Milan,2,1,Serie A
3879804,Genoa,Frosinone,4,0,Serie A
3879803,Udinese,Napoli,3,1,Serie A
3879802,Chievo,Palermo,3,1,Serie A
3879801,Inter Milan,Torino,1,2,Serie A
3879800,Fiorentina,Sampdoria,1,1,Serie A
3879799,Lazio,AS Roma,1,4,Serie A
3879798,Juventus,Empoli,1,0,Serie A
3879797,Carpi,Sassuolo,1,3,Serie A
3879796,Napoli,Genoa,3,1,Serie A
3879793,Sassuolo,Udinese,1,1,Serie A
3879791,AC Milan,Lazio,1,1,Serie A
3879790,Torino,Juventus,1,4,Serie A
3879789,Frosinone,Fiorentina,0,0,Serie A
3879775,Genoa,Empoli,1,0,Serie A
3879770,Atalanta,Juventus,0,2,Serie A
3879769,Napoli,Chievo,3,1,Serie A
3879768,Hellas Verona,Sampdoria,0,3,Serie A
3879767,AS Roma,Fiorentina,4,1,Serie A
3879766,Lazio,Sassuolo,0,2,Serie A
3879765,Fiorentina,Napoli,1,1,Serie A
3879764,Chievo,Genoa,1,0,Serie A
3879763,Sampdoria,Frosinone,2,0,Serie A
3879762,Udinese,Hellas Verona,2,0,Serie A
3879761,Carpi,Atalanta,1,1,Serie A
3879760,Palermo,Bologna,0,0,Serie A
3879759,Juventus,Inter Milan,2,0,Serie A
3879758,AC Milan,Torino,1,0,Serie A
3879757,Empoli,AS Roma,1,3,Serie A
3879755,Frosinone,Lazio,0,0,Serie A
3879753,Sassuolo,Empoli,3,2,Serie A
3879752,Genoa,Udinese,2,1,Serie A
3879751,AS Roma,Palermo,5,0,Serie A
3879736,AS Roma,Sampdoria,2,1,Serie A
3879735,Atalanta,Empoli,0,0,Serie A
3879734,AC Milan,Udinese,1,1,Serie A
3879733,Frosinone,Juventus,0,2,Serie A
3879731,Napoli,Carpi,1,0,Serie A
3879730,Hellas Verona,Inter Milan,3,3,Serie A
3879729,Sassuolo,Palermo,2,2,Serie A
3879728,Bologna,Fiorentina,1,1,Serie A
3879727,Genoa,Lazio,0,0,Serie A
3879726,Juventus,Genoa,1,0,Serie A
3879725,Frosinone,Bologna,1,0,Serie A
3879724,Fiorentina,Carpi,2,1,Serie A
3879723,Inter Milan,Chievo,1,0,Serie A
3879722,Hellas Verona,Atalanta,2,1,Serie A
3879721,Palermo,AC Milan,0,2,Serie A
3879720,Lazio,Napoli,0,2,Serie A
3879719,Sampdoria,Torino,2,2,Serie A
3879718,Empoli,Udinese,1,1,Serie A
3879717,Sassuolo,AS Roma,0,2,Serie A
3879716,Genoa,Fiorentina,0,0,Serie A
3879715,Torino,Hellas Verona,0,0,Serie A
3879714,Napoli,Empoli,5,1,Serie A
3879713,Chievo,Juventus,0,4,Serie A
3879712,AC Milan,Inter Milan,3,0,Serie A
3879711,Udinese,Lazio,0,0,Serie A
3879710,Bologna,Sampdoria,3,2,Serie A
3879709,Carpi,Palermo,1,1,Serie A
3879708,Atalanta,Sassuolo,1,1,Serie A
3879698,Empoli,AC Milan,2,2,Serie A
3879697,Frosinone,Atalanta,0,0,Serie A
3879696,Sassuolo,Torino,1,1,Serie A
3879695,Genoa,Palermo,4,0,Serie A
3879694,Bologna,Lazio,2,2,Serie A
3879693,Udinese,Juventus,0,4,Serie A
3879692,Chievo,Empoli,1,1,Serie A
3879691,AS Roma,Hellas Verona,1,1,Serie A
3879690,AC Milan,Fiorentina,2,0,Serie A
3879689,Carpi,Sampdoria,2,1,Serie A
3879688,Atalanta,Inter Milan,1,1,Serie A
3879687,Torino,Frosinone,4,2,Serie A
3879686,Napoli,Sassuolo,3,1,Serie A
3879685,Atalanta,Genoa,0,2,Serie A
3879684,Sampdoria,Juventus,1,2,Serie A
3879683,Hellas Verona,Palermo,0,1,Serie A
3879682,Torino,Empoli,0,1,Serie A
3879681,Inter Milan,Sassuolo,0,1,Serie A
3879680,Bologna,Chievo,0,1,Serie A
3879679,Frosinone,Napoli,1,5,Serie A
3879678,Carpi,Udinese,2,1,Serie A
3879677,Fiorentina,Lazio,1,3,Serie A
3879676,AS Roma,AC Milan,1,1,Serie A
3879675,Lazio,Carpi,0,0,Serie A
3879674,AC Milan,Bologna,0,1,Serie A
3879673,Udinese,Atalanta,2,1,Serie A
3879672,Chievo,AS Roma,3,3,Serie A
3879671,Palermo,Fiorentina,1,3,Serie A
3879670,Juventus,Hellas Verona,3,0,Serie A
3879669,Napoli,Torino,2,1,Serie A
3879668,Empoli,Inter Milan,0,1,Serie A
3879667,Sassuolo,Frosinone,2,2,Serie A
3879666,Genoa,Sampdoria,2,3,Serie A
3879662,Fiorentina,Chievo,2,0,Serie A
3879661,Atalanta,Napoli,1,3,Serie A
3879660,Carpi,Juventus,2,3,Serie A
3879659,Inter Milan,Lazio,1,2,Serie A
3879658,Torino,Udinese,0,1,Serie A
3879657,AS Roma,Genoa,2,0,Serie A
3879656,Bologna,Empoli,2,3,Serie A
3879655,Lazio,Sampdoria,1,1,Serie A
3879654,Chievo,Atalanta,1,0,Serie A
3879652,AC Milan,Hellas Verona,1,1,Serie A
3879651,Napoli,AS Roma,0,0,Serie A
3879650,Empoli,Carpi,3,0,Serie A
3879649,Palermo,Frosinone,4,1,Serie A
3879648,Udinese,Inter Milan,0,4,Serie A
3879647,Genoa,Bologna,0,1,Serie A
3879646,Fiorentina,Udinese,3,0,Serie A
3879644,Atalanta,Palermo,3,0,Serie A
3879643,Sampdoria,Sassuolo,1,3,Serie A
3879642,Carpi,AC Milan,0,0,Serie A
3879641,Hellas Verona,Empoli,0,1,Serie A
3879640,Frosinone,Chievo,0,2,Serie A
3879639,Torino,AS Roma,1,1,Serie A
3879638,Inter Milan,Genoa,1,0,Serie A
3879637,Lazio,Juventus,0,2,Serie A
3879635,Napoli,Inter Milan,2,1,Serie A
3879634,Genoa,Carpi,1,2,Serie A
3879633,Empoli,Lazio,1,0,Serie A
3879631,Chievo,Udinese,2,3,Serie A
3879630,Palermo,Juventus,0,3,Serie A
3879629,Frosinone,Hellas Verona,3,2,Serie A
3879619,Genoa,Sassuolo,2,1,Serie A
3879618,Juventus,AC Milan,1,0,Serie A
3879617,Bologna,AS Roma,2,2,Serie A
3879616,Sampdoria,Fiorentina,0,2,Serie A
3879615,Sassuolo,Carpi,1,0,Serie A
3879614,Torino,Inter Milan,0,1,Serie A
3879613,Empoli,Juventus,1,3,Serie A
3879612,Frosinone,Genoa,2,2,Serie A
3879611,Palermo,Chievo,1,0,Serie A
3879610,AS Roma,Lazio,2,0,Serie A
3879607,AC Milan,Atalanta,0,0,Serie A
3879606,Chievo,Sampdoria,1,1,Serie A
3879605,Palermo,Empoli,0,1,Serie A
3879604,Genoa,Napoli,0,0,Serie A
3879603,Udinese,Sassuolo,0,0,Serie A
3879602,Fiorentina,Frosinone,4,1,Serie A
3879601,Bologna,Atalanta,3,0,Serie A
3879599,Lazio,AC Milan,1,3,Serie A
3879598,Inter Milan,AS Roma,1,0,Serie A
3879597,Juventus,Torino,2,1,Serie A
3879596,Sampdoria,Empoli,1,1,Serie A
3879595,Hellas Verona,Fiorentina,0,2,Serie A
3879594,AC Milan,Chievo,1,0,Serie A
3879593,Napoli,Palermo,2,0,Serie A
3879592,AS Roma,Udinese,3,1,Serie A
3879591,Sassuolo,Juventus,1,0,Serie A
3879590,Torino,Genoa,3,3,Serie A
3879589,Frosinone,Carpi,2,1,Serie A
3879588,Atalanta,Lazio,2,1,Serie A
3879586,Sampdoria,Hellas Verona,4,1,Serie A
3879584,Udinese,Frosinone,1,0,Serie A
3879583,Fiorentina,AS Roma,1,2,Serie A
3879581,Chievo,Napoli,0,1,Serie A
3879580,Juventus,Atalanta,2,0,Serie A
3879578,Carpi,Bologna,1,2,Serie A
3879577,Empoli,Genoa,2,0,Serie A
3879576,Frosinone,Sampdoria,2,0,Serie A
3879574,Inter Milan,Juventus,0,0,Serie A
3879573,Sassuolo,Lazio,2,1,Serie A
3879572,Napoli,Fiorentina,2,1,Serie A
3879571,Atalanta,Carpi,3,0,Serie A
3879570,Genoa,Chievo,3,2,Serie A
3879569,Bologna,Palermo,0,1,Serie A
3879568,Torino,AC Milan,1,1,Serie A
3879565,Sampdoria,Inter Milan,1,1,Serie A
3879563,Empoli,Sassuolo,1,0,Serie A
3879561,Fiorentina,Atalanta,3,0,Serie A
3879560,Lazio,Frosinone,2,0,Serie A
3879559,Juventus,Bologna,3,1,Serie A
3879558,Carpi,Torino,2,1,Serie A
3879555,Atalanta,Sampdoria,2,1,Serie A
3879554,Torino,Palermo,2,1,Serie A
3879553,Sassuolo,Chievo,1,1,Serie A
3879552,Bologna,Udinese,1,2,Serie A
3879550,Inter Milan,Fiorentina,1,4,Serie A
3879549,Genoa,AC Milan,1,0,Serie A
3879548,Napoli,Juventus,2,1,Serie A
3879547,AS Roma,Carpi,5,1,Serie A
3879546,Empoli,Atalanta,0,1,Serie A
3879545,Sampdoria,AS Roma,2,1,Serie A
3879544,Palermo,Sassuolo,0,1,Serie A
3879543,Juventus,Frosinone,1,1,Serie A
3879541,Fiorentina,Bologna,2,0,Serie A
3879540,Chievo,Torino,1,0,Serie A
3879539,Carpi,Napoli,0,0,Serie A
3879538,Lazio,Genoa,2,0,Serie A
3879537,Udinese,AC Milan,2,3,Serie A
3878609,Genoa,Juventus,0,2,Serie A
3878604,Napoli,Lazio,5,0,Serie A
3878603,Udinese,Empoli,1,2,Serie A
3878602,AC Milan,Palermo,3,2,Serie A
3878601,Sampdoria,Bologna,2,0,Serie A
3878600,Inter Milan,AC Milan,1,0,Serie A
3878599,Sassuolo,Atalanta,2,2,Serie A
3878598,Palermo,Carpi,2,2,Serie A
3878597,Empoli,Napoli,2,2,Serie A
3878596,Hellas Verona,Torino,2,2,Serie A
3878595,Lazio,Udinese,2,0,Serie A
3878594,Juventus,Chievo,1,1,Serie A
3878593,Frosinone,AS Roma,0,2,Serie A
3878592,Fiorentina,Genoa,1,0,Serie A
3878558,Napoli,Sampdoria,2,2,Serie A
3878557,Udinese,Palermo,0,1,Serie A
3878556,Torino,Fiorentina,3,1,Serie A
3878555,AS Roma,Juventus,2,1,Serie A
3878554,Genoa,Hellas Verona,2,0,Serie A
3878553,Chievo,Lazio,4,0,Serie A
3878552,Carpi,Inter Milan,1,2,Serie A
3878551,AC Milan,Empoli,2,1,Serie A
3878550,Bologna,Sassuolo,0,1,Serie A
3878549,Empoli,Chievo,1,3,Serie A
3878548,Juventus,Udinese,0,1,Serie A
3878547,Frosinone,Torino,1,2,Serie A
3878546,Sassuolo,Napoli,2,1,Serie A
3878545,Sampdoria,Carpi,5,2,Serie A
3878544,Palermo,Genoa,1,0,Serie A
3878543,Inter Milan,Atalanta,1,0,Serie A
3878542,Fiorentina,AC Milan,2,0,Serie A
3878540,Lazio,Bologna,2,1,Serie A
3901259,Troyes,Olympique de Marseille,1,1,Ligue 1
3900533,AS Monaco,Stade Malherbe Caen,1,1,Ligue 1
3900528,Bordeaux,Stade Malherbe Caen,1,4,Ligue 1
3900629,Olympique de Marseille,Paris Saint-Germain,1,2,Ligue 1
3829509,Olympique de Marseille,Lorient,1,1,Ligue 1
3901251,Olympique de Marseille,Stade de Reims,1,0,Ligue 1
3829499,Stade Malherbe Caen,Saint-Étienne,1,0,Ligue 1
3900507,Olympique de Marseille,OGC Nice,0,1,Ligue 1
3900527,Olympique de Marseille,AS Monaco,3,3,Ligue 1
3901162,Stade Malherbe Caen,AS Monaco,2,2,Ligue 1
3900608,Stade Malherbe Caen,OGC Nice,2,0,Ligue 1
3900589,Stade Malherbe Caen,Olympique de Marseille,1,3,Ligue 1
3901169,Olympique de Marseille,Toulouse,1,1,Ligue 1
3901241,Stade Malherbe Caen,Bastia,0,0,Ligue 1
3900577,Olympique de Marseille,Guingamp,0,0,Ligue 1
3901152,Stade Malherbe Caen,Rennes,1,0,Ligue 1
3900559,Olympique de Marseille,Gazélec Ajaccio,1,1,Ligue 1
3900562,Stade Malherbe Caen,Paris Saint-Germain,0,3,Ligue 1
3829472,Olympique de Marseille,Lyon,1,1,Ligue 1
3829444,Stade Malherbe Caen,Lyon,0,4,Ligue 1
3829414,Olympique de Marseille,Stade Malherbe Caen,0,1,Ligue 1
3901190,Stade Malherbe Caen,Troyes,2,1,Ligue 1
3829441,Olympique de Marseille,Troyes,6,0,Ligue 1
3829461,Olympique de Marseille,Bastia,4,1,Ligue 1
3901150,Olympique de Marseille,Saint-Étienne,1,1,Ligue 1
3901199,Rennes,Stade de Reims,3,1,Ligue 1
3901178,Lorient,Olympique de Marseille,1,1,Ligue 1
3901260,Lorient,Gazélec Ajaccio,1,0,Ligue 1
3829470,Saint-Étienne,Nantes,2,0,Ligue 1
3901263,Rennes,Bastia,1,2,Ligue 1
3900594,Nantes,Bordeaux,2,2,Ligue 1
3900587,Saint-Étienne,Lyon,1,0,Ligue 1
3900541,Bastia,AS Monaco,1,2,Ligue 1
3900596,Guingamp,Bastia,1,0,Ligue 1
3900591,Paris Saint-Germain,Angers,5,1,Ligue 1
3901188,Saint-Étienne,Montpellier,3,0,Ligue 1
3901184,Olympique de Marseille,Rennes,2,5,Ligue 1
3901182,Nantes,Angers,2,0,Ligue 1
3901170,Rennes,Nantes,4,1,Ligue 1
3901166,Paris Saint-Germain,Montpellier,0,0,Ligue 1
3901168,Lille,Stade de Reims,2,0,Ligue 1
3900601,Gazélec Ajaccio,Montpellier,0,4,Ligue 1
3901262,Stade Malherbe Caen,Bordeaux,1,0,Ligue 1
3901261,Paris Saint-Germain,Nantes,4,0,Ligue 1
3901258,Guingamp,OGC Nice,2,3,Ligue 1
3901257,Saint-Étienne,Lille,0,1,Ligue 1
3901256,AS Monaco,Montpellier,2,0,Ligue 1
3901255,Angers,Toulouse,2,3,Ligue 1
3901254,Stade de Reims,Lyon,4,1,Ligue 1
3901253,Bordeaux,Paris Saint-Germain,1,1,Ligue 1
3901252,Lyon,AS Monaco,6,1,Ligue 1
3901250,OGC Nice,Saint-Étienne,2,0,Ligue 1
3901249,Montpellier,Rennes,2,0,Ligue 1
3901248,Lille,Guingamp,0,0,Ligue 1
3901247,Gazélec Ajaccio,Paris Saint-Germain,0,4,Ligue 1
3901246,Nantes,Stade Malherbe Caen,1,2,Ligue 1
3901245,Bordeaux,Lorient,3,0,Ligue 1
3901244,Toulouse,Troyes,1,0,Ligue 1
3901243,Bastia,Angers,1,0,Ligue 1
3901242,Angers,Olympique de Marseille,0,1,Ligue 1
3901240,Lorient,Lille,0,1,Ligue 1
3901238,AS Monaco,Guingamp,3,2,Ligue 1
3901237,Saint-Étienne,Toulouse,0,0,Ligue 1
3901236,Nantes,OGC Nice,1,0,Ligue 1
3901235,Lyon,Gazélec Ajaccio,2,1,Ligue 1
3901234,Stade de Reims,Montpellier,2,3,Ligue 1
3901233,Paris Saint-Germain,Rennes,4,0,Ligue 1
3901232,Lille,Angers,0,0,Ligue 1
3901231,Rennes,AS Monaco,1,1,Ligue 1
3901230,Gazélec Ajaccio,Bastia,3,2,Ligue 1
3901229,Guingamp,Stade Malherbe Caen,1,1,Ligue 1
3901228,Saint-Étienne,Lorient,2,0,Ligue 1
3901227,Olympique de Marseille,Nantes,1,1,Ligue 1
3901226,Montpellier,Troyes,4,1,Ligue 1
3901225,Toulouse,Lyon,2,3,Ligue 1
3901224,OGC Nice,Stade de Reims,2,0,Ligue 1
3901223,AS Monaco,Olympique de Marseille,2,1,Ligue 1
3901222,Nantes,Montpellier,0,2,Ligue 1
3901221,Rennes,Guingamp,0,3,Ligue 1
3901220,Bastia,Saint-Étienne,0,1,Ligue 1
3901219,Lorient,Toulouse,1,1,Ligue 1
3901218,Bordeaux,Angers,1,3,Ligue 1
3901217,Troyes,Stade de Reims,2,1,Ligue 1
3901216,Paris Saint-Germain,Stade Malherbe Caen,6,0,Ligue 1
3901215,Gazélec Ajaccio,Lille,2,4,Ligue 1
3901214,Lyon,OGC Nice,1,1,Ligue 1
3901213,OGC Nice,Rennes,3,0,Ligue 1
3901212,Lille,AS Monaco,4,1,Ligue 1
3901211,Olympique de Marseille,Bordeaux,0,0,Ligue 1
3901210,Saint-Étienne,Troyes,1,0,Ligue 1
3901209,Angers,Gazélec Ajaccio,0,0,Ligue 1
3901208,Guingamp,Paris Saint-Germain,0,2,Ligue 1
3901207,Stade de Reims,Nantes,2,1,Ligue 1
3901206,Toulouse,Bastia,4,0,Ligue 1
3901205,Stade Malherbe Caen,Lorient,1,2,Ligue 1
3901204,Montpellier,Lyon,0,2,Ligue 1
3901203,Nantes,Lille,0,3,Ligue 1
3901202,Lorient,Lyon,1,3,Ligue 1
3901201,Bastia,Olympique de Marseille,2,1,Ligue 1
3901200,Toulouse,Stade Malherbe Caen,2,0,Ligue 1
3901198,Troyes,Angers,0,1,Ligue 1
3901197,Guingamp,Montpellier,2,2,Ligue 1
3901196,Paris Saint-Germain,OGC Nice,4,1,Ligue 1
3901195,Gazélec Ajaccio,Saint-Étienne,0,2,Ligue 1
3901194,AS Monaco,Bordeaux,1,2,Ligue 1
3901193,Paris Saint-Germain,AS Monaco,0,2,Ligue 1
3901192,Bordeaux,Bastia,1,1,Ligue 1
3901191,OGC Nice,Gazélec Ajaccio,3,0,Ligue 1
3901189,Lille,Toulouse,1,0,Ligue 1
3901187,Angers,Lorient,5,1,Ligue 1
3901186,Lyon,Nantes,2,0,Ligue 1
3901185,Stade de Reims,Guingamp,0,1,Ligue 1
3901183,Troyes,Paris Saint-Germain,0,9,Ligue 1
3901181,Rennes,Lyon,2,2,Ligue 1
3901180,Guingamp,Saint-Étienne,2,0,Ligue 1
3901179,Gazélec Ajaccio,Stade Malherbe Caen,1,0,Ligue 1
3901177,Bastia,Lille,1,2,Ligue 1
3901176,Toulouse,Bordeaux,4,0,Ligue 1
3901175,Montpellier,OGC Nice,0,2,Ligue 1
3901174,AS Monaco,Stade de Reims,2,2,Ligue 1
3901173,Gazélec Ajaccio,Olympique de Marseille,1,1,Ligue 1
3901172,Bastia,Nantes,0,0,Ligue 1
3901171,Lyon,Guingamp,5,1,Ligue 1
3901167,Bastia,Lorient,0,0,Ligue 1
3901165,Bordeaux,Gazélec Ajaccio,1,1,Ligue 1
3901164,Angers,Saint-Étienne,0,0,Ligue 1
3901163,OGC Nice,Troyes,2,1,Ligue 1
3901161,Saint-Étienne,Stade Malherbe Caen,1,2,Ligue 1
3901160,Nantes,AS Monaco,0,0,Ligue 1
3901159,Lyon,Paris Saint-Germain,2,1,Ligue 1
3901158,Toulouse,Rennes,1,2,Ligue 1
3901157,Stade de Reims,Bordeaux,4,1,Ligue 1
3901156,Guingamp,Angers,2,2,Ligue 1
3901155,Montpellier,Lille,3,0,Ligue 1
3901154,Troyes,Lorient,0,1,Ligue 1
3901153,OGC Nice,Bastia,0,2,Ligue 1
3901151,Lille,Lyon,1,0,Ligue 1
3901149,AS Monaco,Troyes,3,1,Ligue 1
3901148,Lorient,Guingamp,4,3,Ligue 1
3901147,Toulouse,Gazélec Ajaccio,1,1,Ligue 1
3901146,Paris Saint-Germain,Stade de Reims,4,1,Ligue 1
3901145,Angers,Montpellier,2,3,Ligue 1
3901144,Bordeaux,OGC Nice,0,0,Ligue 1
3900602,Lorient,Stade de Reims,2,0,Ligue 1
3829518,Lille,Olympique de Marseille,1,2,Ligue 1
3829479,Lorient,Stade Malherbe Caen,2,0,Ligue 1
3829478,Gazélec Ajaccio,Rennes,1,1,Ligue 1
3829519,Paris Saint-Germain,Saint-Étienne,4,1,Ligue 1
3829416,OGC Nice,AS Monaco,1,2,Ligue 1
3829459,OGC Nice,Guingamp,0,1,Ligue 1
3900636,Nantes,Lorient,2,1,Ligue 1
3900633,Gazélec Ajaccio,Troyes,2,3,Ligue 1
3900628,Lille,Rennes,1,1,Ligue 1
3900627,Bordeaux,Saint-Étienne,1,4,Ligue 1
3900625,AS Monaco,OGC Nice,1,0,Ligue 1
3900624,Angers,Lyon,0,3,Ligue 1
3900616,Lyon,Bordeaux,3,0,Ligue 1
3900617,Stade de Reims,Angers,2,1,Ligue 1
3900609,Bordeaux,Rennes,4,0,Ligue 1
3900604,Angers,AS Monaco,3,0,Ligue 1
3900605,Bastia,Lyon,1,0,Ligue 1
3900603,Toulouse,Guingamp,1,2,Ligue 1
3900606,Troyes,Nantes,0,1,Ligue 1
3900600,Olympique de Marseille,Lille,1,1,Ligue 1
3900598,AS Monaco,Toulouse,4,0,Ligue 1
3900597,Lyon,Olympique de Marseille,1,1,Ligue 1
3900599,Stade de Reims,Saint-Étienne,1,1,Ligue 1
3900592,Montpellier,Stade Malherbe Caen,1,2,Ligue 1
3900595,OGC Nice,Lorient,2,1,Ligue 1
3900593,Lille,Troyes,1,3,Ligue 1
3900590,Rennes,Gazélec Ajaccio,1,0,Ligue 1
3900588,Lorient,AS Monaco,0,2,Ligue 1
3900586,Guingamp,Nantes,2,2,Ligue 1
3900584,Bastia,Montpellier,1,0,Ligue 1
3900582,Gazélec Ajaccio,Stade de Reims,2,2,Ligue 1
3900583,Troyes,Rennes,2,4,Ligue 1
3900585,Toulouse,Paris Saint-Germain,0,1,Ligue 1
3900570,Paris Saint-Germain,Bastia,2,0,Ligue 1
3900567,Bordeaux,Olympique de Marseille,1,1,Ligue 1
3900568,Gazélec Ajaccio,Lyon,2,1,Ligue 1
3900549,Saint-Étienne,Rennes,1,1,Ligue 1
3900548,Bordeaux,Guingamp,1,0,Ligue 1
3900547,Olympique de Marseille,Montpellier,2,2,Ligue 1
3900545,Lyon,Angers,0,2,Ligue 1
3900546,Gazélec Ajaccio,Nantes,1,1,Ligue 1
3900544,Toulouse,Lorient,2,3,Ligue 1
3900540,OGC Nice,Paris Saint-Germain,0,3,Ligue 1
3900539,Rennes,Olympique de Marseille,0,1,Ligue 1
3900538,Guingamp,Stade de Reims,1,2,Ligue 1
3900537,Troyes,Toulouse,0,3,Ligue 1
3900536,Montpellier,Gazélec Ajaccio,0,2,Ligue 1
3900534,Bastia,Bordeaux,1,0,Ligue 1
3900535,Lille,Saint-Étienne,1,0,Ligue 1
3900530,Nantes,Lyon,0,0,Ligue 1
3900532,Angers,Paris Saint-Germain,0,0,Ligue 1
3900531,Lorient,OGC Nice,0,0,Ligue 1
3900529,Saint-Étienne,Guingamp,3,0,Ligue 1
3900522,Toulouse,OGC Nice,2,0,Ligue 1
3900523,Stade de Reims,Rennes,2,2,Ligue 1
3900521,Paris Saint-Germain,Troyes,4,1,Ligue 1
3900518,Stade Malherbe Caen,Angers,0,0,Ligue 1
3900519,Rennes,Bordeaux,2,2,Ligue 1
3900511,Lorient,Paris Saint-Germain,1,2,Ligue 1
3900514,Guingamp,Toulouse,2,0,Ligue 1
3900515,AS Monaco,Nantes,1,0,Ligue 1
3829512,Lyon,Toulouse,3,0,Ligue 1
3829495,Lyon,Stade de Reims,1,0,Ligue 1
3900491,Saint-Étienne,Stade de Reims,3,0,Ligue 1
3900504,Montpellier,Nantes,2,1,Ligue 1
3900506,Stade de Reims,Gazélec Ajaccio,1,2,Ligue 1
3900505,Stade Malherbe Caen,Guingamp,2,1,Ligue 1
3829496,Angers,Bastia,1,0,Ligue 1
3829514,Angers,Guingamp,0,0,Ligue 1
3829469,AS Monaco,Lorient,2,3,Ligue 1
3829454,Lyon,Lille,0,0,Ligue 1
3829439,Toulouse,AS Monaco,1,1,Ligue 1
3829513,Stade Malherbe Caen,Nantes,0,2,Ligue 1
3829510,Rennes,OGC Nice,1,4,Ligue 1
3829445,Angers,OGC Nice,1,1,Ligue 1
3829433,Montpellier,Paris Saint-Germain,0,1,Ligue 1
3829466,Angers,Troyes,1,0,Ligue 1
3900639,Saint-Étienne,AS Monaco,1,1,Ligue 1
3900638,Lyon,Stade Malherbe Caen,4,1,Ligue 1
3900637,OGC Nice,Olympique de Marseille,1,1,Ligue 1
3900635,Stade de Reims,Bastia,0,1,Ligue 1
3900634,Paris Saint-Germain,Lille,0,0,Ligue 1
3900632,Guingamp,Bordeaux,2,4,Ligue 1
3900631,Montpellier,Toulouse,2,0,Ligue 1
3900630,Rennes,Angers,1,0,Ligue 1
3900626,Gazélec Ajaccio,Guingamp,0,0,Ligue 1
3900623,Lorient,Montpellier,1,1,Ligue 1
3900622,Bastia,Troyes,2,0,Ligue 1
3900621,Toulouse,Nantes,0,0,Ligue 1
3900620,Stade Malherbe Caen,Stade de Reims,0,2,Ligue 1
3900619,Rennes,Saint-Étienne,0,1,Ligue 1
3900618,Paris Saint-Germain,Lorient,3,1,Ligue 1
3900615,Nantes,Gazélec Ajaccio,3,1,Ligue 1
3900614,Lille,Stade Malherbe Caen,1,0,Ligue 1
3900613,OGC Nice,Toulouse,1,0,Ligue 1
3900612,Guingamp,Troyes,4,0,Ligue 1
3900611,AS Monaco,Bastia,2,0,Ligue 1
3900610,Montpellier,Olympique de Marseille,0,1,Ligue 1
3900581,Bordeaux,Lille,1,0,Ligue 1
3900580,OGC Nice,Angers,2,1,Ligue 1
3900579,Nantes,Saint-Étienne,2,1,Ligue 1
3900578,Lille,OGC Nice,1,1,Ligue 1
3900576,Montpellier,Bordeaux,0,1,Ligue 1
3900575,Stade de Reims,Toulouse,1,3,Ligue 1
3900574,Lyon,Troyes,4,1,Ligue 1
3900573,Angers,Stade Malherbe Caen,2,0,Ligue 1
3900572,AS Monaco,Gazélec Ajaccio,2,2,Ligue 1
3900571,Rennes,Lorient,2,2,Ligue 1
3900569,Saint-Étienne,Angers,1,0,Ligue 1
3900566,Bastia,Stade de Reims,2,0,Ligue 1
3900565,Lorient,Nantes,0,0,Ligue 1
3900564,Troyes,AS Monaco,0,0,Ligue 1
3900563,Guingamp,Rennes,0,2,Ligue 1
3900561,Toulouse,Lille,1,1,Ligue 1
3900560,OGC Nice,Montpellier,1,0,Ligue 1
3900558,AS Monaco,Saint-Étienne,1,0,Ligue 1
3900557,Paris Saint-Germain,Lyon,5,1,Ligue 1
3900556,Angers,Bordeaux,1,1,Ligue 1
3900555,Nantes,Toulouse,1,1,Ligue 1
3900554,Troyes,Bastia,1,1,Ligue 1
3900553,Stade de Reims,OGC Nice,1,1,Ligue 1
3900552,Montpellier,Guingamp,2,1,Ligue 1
3900551,Lille,Lorient,3,0,Ligue 1
3900550,Rennes,Stade Malherbe Caen,1,1,Ligue 1
3900543,Stade de Reims,Troyes,1,1,Ligue 1
3900542,Stade Malherbe Caen,Lille,1,2,Ligue 1
3900526,Angers,Lille,2,0,Ligue 1
3900525,Nantes,Bastia,0,0,Ligue 1
3900524,Gazélec Ajaccio,Lorient,1,1,Ligue 1
3900520,Lyon,Montpellier,2,4,Ligue 1
3900516,Saint-Étienne,Olympique de Marseille,0,2,Ligue 1
3900513,Troyes,Lille,1,1,Ligue 1
3900512,Montpellier,Stade de Reims,3,1,Ligue 1
3900510,OGC Nice,Lyon,3,0,Ligue 1
3900509,Lyon,Saint-Étienne,3,0,Ligue 1
3900508,Bordeaux,AS Monaco,3,1,Ligue 1
3900503,Lille,Bastia,1,1,Ligue 1
3900502,Lorient,Troyes,4,1,Ligue 1
3900501,Paris Saint-Germain,Toulouse,5,0,Ligue 1
3900500,Angers,Rennes,0,2,Ligue 1
3900499,Nantes,Olympique de Marseille,0,1,Ligue 1
3900498,AS Monaco,Angers,1,0,Ligue 1
3900497,OGC Nice,Lille,0,0,Ligue 1
3900496,Toulouse,Montpellier,1,1,Ligue 1
3900495,Bastia,Stade Malherbe Caen,1,0,Ligue 1
3900494,Gazélec Ajaccio,Bordeaux,2,0,Ligue 1
3900493,Troyes,Lyon,0,1,Ligue 1
3900492,Guingamp,Lorient,2,2,Ligue 1
3900490,Rennes,Paris Saint-Germain,0,1,Ligue 1
3829438,OGC Nice,Stade Malherbe Caen,2,1,Ligue 1
3829413,Lille,Paris Saint-Germain,0,1,Ligue 1
3829428,Stade Malherbe Caen,Toulouse,1,0,Ligue 1
3829522,OGC Nice,Nantes,1,2,Ligue 1
3829521,Bordeaux,Troyes,1,0,Ligue 1
3829520,Stade de Reims,AS Monaco,0,1,Ligue 1
3829517,Gazélec Ajaccio,OGC Nice,3,1,Ligue 1
3829516,Lorient,Rennes,1,1,Ligue 1
3829515,Montpellier,Bastia,2,0,Ligue 1
3829511,Bordeaux,Montpellier,0,0,Ligue 1
3829508,Stade de Reims,Stade Malherbe Caen,0,1,Ligue 1
3829507,Toulouse,Angers,1,2,Ligue 1
3829506,Guingamp,Lille,1,1,Ligue 1
3829505,Saint-Étienne,Gazélec Ajaccio,2,0,Ligue 1
3829504,Bastia,Paris Saint-Germain,0,2,Ligue 1
3829503,Nantes,Troyes,3,0,Ligue 1
3829502,AS Monaco,Lyon,1,1,Ligue 1
3829501,AS Monaco,Rennes,1,1,Ligue 1
3829500,Paris Saint-Germain,Olympique de Marseille,2,1,Ligue 1
3829498,Lorient,Bordeaux,3,2,Ligue 1
3829497,Troyes,Guingamp,0,1,Ligue 1
3829494,Gazélec Ajaccio,Toulouse,2,2,Ligue 1
3829493,Lille,Montpellier,2,0,Ligue 1
3829492,Lille,Nantes,0,1,Ligue 1
3829491,Olympique de Marseille,Angers,1,2,Ligue 1
3829490,Saint-Étienne,OGC Nice,1,4,Ligue 1
3829489,Montpellier,Lorient,2,1,Ligue 1
3829488,Guingamp,AS Monaco,3,3,Ligue 1
3829487,Stade Malherbe Caen,Gazélec Ajaccio,2,0,Ligue 1
3829486,Bastia,Toulouse,3,0,Ligue 1
3829485,Rennes,Troyes,1,1,Ligue 1
3829484,Bordeaux,Lyon,3,1,Ligue 1
3829483,Nantes,Paris Saint-Germain,1,4,Ligue 1
3829482,Stade de Reims,Lille,1,0,Ligue 1
3829481,Montpellier,AS Monaco,2,3,Ligue 1
3829480,Troyes,Saint-Étienne,0,1,Ligue 1
3829477,Toulouse,Olympique de Marseille,1,1,Ligue 1
3829476,Lyon,Bastia,2,0,Ligue 1
3829475,OGC Nice,Bordeaux,6,1,Ligue 1
3829474,Angers,Stade de Reims,0,0,Ligue 1
3829473,Paris Saint-Germain,Guingamp,3,0,Ligue 1
3829471,Bordeaux,Toulouse,1,1,Ligue 1
3829468,Guingamp,Gazélec Ajaccio,2,1,Ligue 1
3829467,Stade Malherbe Caen,Montpellier,2,1,Ligue 1
3829465,Stade de Reims,Paris Saint-Germain,1,1,Ligue 1
3829464,Bastia,OGC Nice,1,3,Ligue 1
3829463,Rennes,Lille,1,1,Ligue 1
3829462,Gazélec Ajaccio,AS Monaco,0,1,Ligue 1
3829460,Nantes,Rennes,0,2,Ligue 1
3829458,Toulouse,Stade de Reims,2,2,Ligue 1
3829457,Montpellier,Saint-Étienne,1,2,Ligue 1
3829456,Lorient,Angers,3,1,Ligue 1
3829455,Troyes,Stade Malherbe Caen,1,3,Ligue 1
3829453,Paris Saint-Germain,Bordeaux,2,2,Ligue 1
3829452,Bordeaux,Nantes,2,0,Ligue 1
3829451,Saint-Étienne,Bastia,2,1,Ligue 1
3829450,AS Monaco,Paris Saint-Germain,0,3,Ligue 1
3829449,Rennes,Toulouse,3,1,Ligue 1
3829448,Stade de Reims,Lorient,4,1,Ligue 1
3829447,Lille,Gazélec Ajaccio,1,0,Ligue 1
3829446,Troyes,Montpellier,0,0,Ligue 1
3829443,Guingamp,Olympique de Marseille,2,0,Ligue 1
3829442,Lille,Bordeaux,0,0,Ligue 1
3829440,Lorient,Saint-Étienne,0,1,Ligue 1
3829437,Gazélec Ajaccio,Angers,0,2,Ligue 1
3829436,Nantes,Stade de Reims,1,0,Ligue 1
3829435,Lyon,Rennes,1,2,Ligue 1
3829434,Bastia,Guingamp,3,0,Ligue 1
3829432,Paris Saint-Germain,Gazélec Ajaccio,2,0,Ligue 1
3829431,Lorient,Bastia,1,1,Ligue 1
3829430,Stade de Reims,Olympique de Marseille,1,0,Ligue 1
3829429,Rennes,Montpellier,1,0,Ligue 1
3829427,Troyes,OGC Nice,3,3,Ligue 1
3829426,Guingamp,Lyon,0,1,Ligue 1
3829425,Angers,Nantes,0,0,Ligue 1
3829424,Saint-Étienne,Bordeaux,1,1,Ligue 1
3829423,AS Monaco,Lille,0,0,Ligue 1
3829422,Lyon,Lorient,0,0,Ligue 1
3829421,Toulouse,Saint-Étienne,2,1,Ligue 1
3829420,Bordeaux,Stade de Reims,1,2,Ligue 1
3829419,Montpellier,Angers,0,2,Ligue 1
3829418,Nantes,Guingamp,1,0,Ligue 1
3829417,Troyes,Gazélec Ajaccio,0,0,Ligue 1
3829415,Bastia,Rennes,2,1,Ligue 1
